,address,price,beds,baths,size,city,state,zipcode,lat,lng
1,2827 Curvilinear Ct,245000,4,2,2200, Dallas,TX,75227,32.762436,-96.66757
2,132 W Woodin Blvd,275000,4,2,1800, Dallas,TX,75224,32.722084,-96.824316
3,7311 Hardwood Trl,209900,3,2,1902, Dallas,TX,75249,32.637059,-96.950159
4,3609 Patience Blvd,324990,4,2,2067, Dallas,TX,75236,32.699369,-96.94662
5,2812 Alden Ave,375000,3,1,1757, Dallas,TX,75211,32.741981,-96.866104
6,1728 W Red Bird Ln,395000,4,3,2582, Dallas,TX,75232,,
7,1337 Kingsley Dr,181900,3,2,1262, Dallas,TX,75216,32.684858,-96.802634
8,13536 Vida Ln,210000,3,2,1441, Dallas,TX,75253,32.679365,-96.598872
9,1402 Seevers Ave,389000,3,2,2101, Dallas,TX,75216,32.730506,-96.821353
10,7036 Winchester St,475000,3,2,2089, Dallas,TX,75231,32.862398,-96.74073
11,12618 Trenton Dr,375000,4,3,2463, Dallas,TX,75243,32.920901,-96.718028
12,1415 Reynoldston Ln,187434,3,2,1602, Dallas,TX,75232,32.67694,-96.845093
14,2720 E Atoll Dr,225000,5,2,2500, Dallas,TX,75216,32.714198,-96.799077
15,9835 Whistler Dr,275000,4,3,2482, Dallas,TX,75217,32.686745,-96.651386
16,1627 Wilbur St,325000,3,2,1820, Dallas,TX,75224,32.722586,-96.847349
17,1920 Oak Hill Cir,178374,4,2,1302, Dallas,TX,75217,32.74519,-96.671462
18,10548 Wyatt St,499999,4,3,2522, Dallas,TX,75218,32.848586,-96.695104
19,3408 Hammerly Dr,384900,3,3,2000, Dallas,TX,75212,32.784418,-96.898355
20,10525 Channel Dr,299000,4,2,2151, Dallas,TX,75229,32.890625,-96.879984
21,8648 Forest Hills Blvd,650000,3,3,1712, Dallas,TX,75218,32.822055,-96.710583
22,6015 Sunny Crest Ln,180000,4,3,1578, Dallas,TX,75241,32.674341,-96.803904
23,3531 Burlingdell Ave,319000,4,2,1720, Dallas,TX,75211,32.737141,-96.878591
24,10211 Carry Back Cir,485000,3,3,2042, Dallas,TX,75229,32.885233,-96.873914
25,3722 Ingersoll St,299900,4,2,1608, Dallas,TX,75212,32.788,-96.906497
26,11232 Lanewood Cir,435000,3,2,1653, Dallas,TX,75218,32.856489,-96.688222
27,9747 E Lake Highlands Dr,395000,3,2,1500, Dallas,TX,75218,32.846422,-96.704458
29,7616 Texridge Dr,209000,3,2,1478, Dallas,TX,75232,32.656177,-96.823803
30,1530 S Montreal Ave,327900,2,2,1122, Dallas,TX,75208,32.728055,-96.85412
31,6926 Vivian Ave,549900,2,2,1444, Dallas,TX,75223,32.804125,-96.737319
33,2427 Catherine St,329500,2,2,1322, Dallas,TX,75211,32.738436,-96.857982
34,6882 Avalon Ave,829500,3,2,1804, Dallas,TX,75214,32.818009,-96.740335
36,10619 Lakemere Dr,499900,3,2,1647, Dallas,TX,75238,32.875235,-96.702538
37,818 Cordova St,650000,3,2,1814, Dallas,TX,75223,32.803074,-96.742275
38,11727 Welch Rd,699000,3,3,2491, Dallas,TX,75229,32.908929,-96.829962
41,2827 Curvilinear Ct,245000,4,2,2200, Dallas,TX,75227,32.762436,-96.66757
42,132 W Woodin Blvd,275000,4,2,1800, Dallas,TX,75224,32.722084,-96.824316
43,7311 Hardwood Trl,209900,3,2,1902, Dallas,TX,75249,32.637059,-96.950159
44,3609 Patience Blvd,324990,4,2,2067, Dallas,TX,75236,32.699369,-96.94662
45,2812 Alden Ave,375000,3,1,1757, Dallas,TX,75211,32.741981,-96.866104
46,1728 W Red Bird Ln,395000,4,3,2582, Dallas,TX,75232,32.67165,-96.848417
47,1337 Kingsley Dr,181900,3,2,1262, Dallas,TX,75216,32.684858,-96.802634
48,13536 Vida Ln,210000,3,2,1441, Dallas,TX,75253,32.679365,-96.598872
49,1402 Seevers Ave,389000,3,2,2101, Dallas,TX,75216,32.730506,-96.821353
50,7036 Winchester St,475000,3,2,2089, Dallas,TX,75231,32.862398,-96.74073
51,12618 Trenton Dr,375000,4,3,2463, Dallas,TX,75243,32.920901,-96.718028
52,1415 Reynoldston Ln,187434,3,2,1602, Dallas,TX,75232,32.67694,-96.845093
54,2720 E Atoll Dr,225000,5,2,2500, Dallas,TX,75216,32.714198,-96.799077
55,9835 Whistler Dr,275000,4,3,2482, Dallas,TX,75217,32.686745,-96.651386
56,1627 Wilbur St,325000,3,2,1820, Dallas,TX,75224,32.722586,-96.847349
57,1920 Oak Hill Cir,178374,4,2,1302, Dallas,TX,75217,32.74519,-96.671462
58,10548 Wyatt St,499999,4,3,2522, Dallas,TX,75218,32.848586,-96.695104
59,3408 Hammerly Dr,384900,3,3,2000, Dallas,TX,75212,32.784418,-96.898355
60,10525 Channel Dr,299000,4,2,2151, Dallas,TX,75229,32.890625,-96.879984
61,8648 Forest Hills Blvd,650000,3,3,1712, Dallas,TX,75218,32.822055,-96.710583
62,6015 Sunny Crest Ln,180000,4,3,1578, Dallas,TX,75241,,
63,3531 Burlingdell Ave,319000,4,2,1720, Dallas,TX,75211,32.737141,-96.878591
64,10211 Carry Back Cir,485000,3,3,2042, Dallas,TX,75229,32.885233,-96.873914
65,3722 Ingersoll St,299900,4,2,1608, Dallas,TX,75212,32.788,-96.906497
66,11232 Lanewood Cir,435000,3,2,1653, Dallas,TX,75218,32.856489,-96.688222
67,9747 E Lake Highlands Dr,395000,3,2,1500, Dallas,TX,75218,32.846422,-96.704458
69,7616 Texridge Dr,209000,3,2,1478, Dallas,TX,75232,32.656177,-96.823803
70,1530 S Montreal Ave,327900,2,2,1122, Dallas,TX,75208,32.728055,-96.85412
71,6926 Vivian Ave,549900,2,2,1444, Dallas,TX,75223,32.804125,-96.737319
73,2427 Catherine St,329500,2,2,1322, Dallas,TX,75211,32.738436,-96.857982
74,6882 Avalon Ave,829500,3,2,1804, Dallas,TX,75214,32.818009,-96.740335
76,10619 Lakemere Dr,499900,3,2,1647, Dallas,TX,75238,32.875235,-96.702538
77,818 Cordova St,650000,3,2,1814, Dallas,TX,75223,32.803074,-96.742275
78,11727 Welch Rd,699000,3,3,2491, Dallas,TX,75229,32.908929,-96.829962
81,2827 Curvilinear Ct,245000,4,2,2200, Dallas,TX,75227,32.762436,-96.66757
82,132 W Woodin Blvd,275000,4,2,1800, Dallas,TX,75224,32.722084,-96.824316
83,7311 Hardwood Trl,209900,3,2,1902, Dallas,TX,75249,32.637059,-96.950159
84,3609 Patience Blvd,324990,4,2,2067, Dallas,TX,75236,32.699369,-96.94662
85,2812 Alden Ave,375000,3,1,1757, Dallas,TX,75211,32.741981,-96.866104
86,1728 W Red Bird Ln,395000,4,3,2582, Dallas,TX,75232,32.67165,-96.848417
87,1337 Kingsley Dr,181900,3,2,1262, Dallas,TX,75216,32.684858,-96.802634
88,13536 Vida Ln,210000,3,2,1441, Dallas,TX,75253,32.679365,-96.598872
89,1402 Seevers Ave,389000,3,2,2101, Dallas,TX,75216,32.730506,-96.821353
90,7036 Winchester St,475000,3,2,2089, Dallas,TX,75231,32.862398,-96.74073
91,12618 Trenton Dr,375000,4,3,2463, Dallas,TX,75243,32.920901,-96.718028
92,1415 Reynoldston Ln,187434,3,2,1602, Dallas,TX,75232,32.67694,-96.845093
94,2720 E Atoll Dr,225000,5,2,2500, Dallas,TX,75216,32.714198,-96.799077
95,9835 Whistler Dr,275000,4,3,2482, Dallas,TX,75217,32.686745,-96.651386
96,1627 Wilbur St,325000,3,2,1820, Dallas,TX,75224,32.722586,-96.847349
97,1920 Oak Hill Cir,178374,4,2,1302, Dallas,TX,75217,32.74519,-96.671462
98,10548 Wyatt St,499999,4,3,2522, Dallas,TX,75218,32.848586,-96.695104
99,3408 Hammerly Dr,384900,3,3,2000, Dallas,TX,75212,32.784418,-96.898355
100,10525 Channel Dr,299000,4,2,2151, Dallas,TX,75229,32.890625,-96.879984
101,8648 Forest Hills Blvd,650000,3,3,1712, Dallas,TX,75218,32.822055,-96.710583
102,6015 Sunny Crest Ln,180000,4,3,1578, Dallas,TX,75241,32.674341,-96.803904
103,3531 Burlingdell Ave,319000,4,2,1720, Dallas,TX,75211,32.737141,-96.878591
104,10211 Carry Back Cir,485000,3,3,2042, Dallas,TX,75229,32.885233,-96.873914
105,3722 Ingersoll St,299900,4,2,1608, Dallas,TX,75212,32.788,-96.906497
106,11232 Lanewood Cir,435000,3,2,1653, Dallas,TX,75218,32.856489,-96.688222
107,9747 E Lake Highlands Dr,395000,3,2,1500, Dallas,TX,75218,32.846422,-96.704458
109,7616 Texridge Dr,209000,3,2,1478, Dallas,TX,75232,32.656177,-96.823803
110,1530 S Montreal Ave,327900,2,2,1122, Dallas,TX,75208,32.728055,-96.85412
111,6926 Vivian Ave,549900,2,2,1444, Dallas,TX,75223,32.804125,-96.737319
113,2427 Catherine St,329500,2,2,1322, Dallas,TX,75211,32.738436,-96.857982
114,6882 Avalon Ave,829500,3,2,1804, Dallas,TX,75214,32.818009,-96.740335
116,10619 Lakemere Dr,499900,3,2,1647, Dallas,TX,75238,32.875235,-96.702538
117,818 Cordova St,650000,3,2,1814, Dallas,TX,75223,32.803074,-96.742275
118,11727 Welch Rd,699000,3,3,2491, Dallas,TX,75229,32.908929,-96.829962
121,2827 Curvilinear Ct,245000,4,2,2200, Dallas,TX,75227,32.762436,-96.66757
122,132 W Woodin Blvd,275000,4,2,1800, Dallas,TX,75224,32.722084,-96.824316
123,7311 Hardwood Trl,209900,3,2,1902, Dallas,TX,75249,32.637059,-96.950159
124,3609 Patience Blvd,324990,4,2,2067, Dallas,TX,75236,32.699369,-96.94662
125,2812 Alden Ave,375000,3,1,1757, Dallas,TX,75211,32.741981,-96.866104
126,1728 W Red Bird Ln,395000,4,3,2582, Dallas,TX,75232,32.67165,-96.848417
127,1337 Kingsley Dr,181900,3,2,1262, Dallas,TX,75216,32.684858,-96.802634
128,13536 Vida Ln,210000,3,2,1441, Dallas,TX,75253,32.679365,-96.598872
129,1402 Seevers Ave,389000,3,2,2101, Dallas,TX,75216,32.730506,-96.821353
130,7036 Winchester St,475000,3,2,2089, Dallas,TX,75231,32.862398,-96.74073
131,12618 Trenton Dr,375000,4,3,2463, Dallas,TX,75243,32.920901,-96.718028
132,1415 Reynoldston Ln,187434,3,2,1602, Dallas,TX,75232,32.67694,-96.845093
134,2720 E Atoll Dr,225000,5,2,2500, Dallas,TX,75216,32.714198,-96.799077
135,9835 Whistler Dr,275000,4,3,2482, Dallas,TX,75217,32.686745,-96.651386
136,1627 Wilbur St,325000,3,2,1820, Dallas,TX,75224,32.722586,-96.847349
137,1920 Oak Hill Cir,178374,4,2,1302, Dallas,TX,75217,32.74519,-96.671462
138,10548 Wyatt St,499999,4,3,2522, Dallas,TX,75218,32.848586,-96.695104
139,3408 Hammerly Dr,384900,3,3,2000, Dallas,TX,75212,32.784418,-96.898355
140,10525 Channel Dr,299000,4,2,2151, Dallas,TX,75229,32.890625,-96.879984
141,8648 Forest Hills Blvd,650000,3,3,1712, Dallas,TX,75218,32.822055,-96.710583
142,6015 Sunny Crest Ln,180000,4,3,1578, Dallas,TX,75241,32.674341,-96.803904
143,3531 Burlingdell Ave,319000,4,2,1720, Dallas,TX,75211,32.737141,-96.878591
144,10211 Carry Back Cir,485000,3,3,2042, Dallas,TX,75229,32.885233,-96.873914
145,3722 Ingersoll St,299900,4,2,1608, Dallas,TX,75212,32.788,-96.906497
146,11232 Lanewood Cir,435000,3,2,1653, Dallas,TX,75218,32.856489,-96.688222
147,9747 E Lake Highlands Dr,395000,3,2,1500, Dallas,TX,75218,32.846422,-96.704458
149,7616 Texridge Dr,209000,3,2,1478, Dallas,TX,75232,32.656177,-96.823803
150,1530 S Montreal Ave,327900,2,2,1122, Dallas,TX,75208,32.728055,-96.85412
151,6926 Vivian Ave,549900,2,2,1444, Dallas,TX,75223,32.804125,-96.737319
153,2427 Catherine St,329500,2,2,1322, Dallas,TX,75211,32.738436,-96.857982
154,6882 Avalon Ave,829500,3,2,1804, Dallas,TX,75214,32.818009,-96.740335
156,10619 Lakemere Dr,499900,3,2,1647, Dallas,TX,75238,32.875235,-96.702538
157,818 Cordova St,650000,3,2,1814, Dallas,TX,75223,32.803074,-96.742275
158,11727 Welch Rd,699000,3,3,2491, Dallas,TX,75229,32.908929,-96.829962
161,2827 Curvilinear Ct,245000,4,2,2200, Dallas,TX,75227,32.762436,-96.66757
162,132 W Woodin Blvd,275000,4,2,1800, Dallas,TX,75224,32.722084,-96.824316
163,7311 Hardwood Trl,209900,3,2,1902, Dallas,TX,75249,32.637059,-96.950159
164,3609 Patience Blvd,324990,4,2,2067, Dallas,TX,75236,32.699369,-96.94662
165,2812 Alden Ave,375000,3,1,1757, Dallas,TX,75211,32.741981,-96.866104
166,1728 W Red Bird Ln,395000,4,3,2582, Dallas,TX,75232,32.67165,-96.848417
167,1337 Kingsley Dr,181900,3,2,1262, Dallas,TX,75216,32.684858,-96.802634
168,13536 Vida Ln,210000,3,2,1441, Dallas,TX,75253,32.679365,-96.598872
169,1402 Seevers Ave,389000,3,2,2101, Dallas,TX,75216,32.730506,-96.821353
170,7036 Winchester St,475000,3,2,2089, Dallas,TX,75231,32.862398,-96.74073
171,12618 Trenton Dr,375000,4,3,2463, Dallas,TX,75243,32.920901,-96.718028
172,1415 Reynoldston Ln,187434,3,2,1602, Dallas,TX,75232,32.67694,-96.845093
174,2720 E Atoll Dr,225000,5,2,2500, Dallas,TX,75216,32.714198,-96.799077
175,9835 Whistler Dr,275000,4,3,2482, Dallas,TX,75217,32.686745,-96.651386
176,1627 Wilbur St,325000,3,2,1820, Dallas,TX,75224,32.722586,-96.847349
177,1920 Oak Hill Cir,178374,4,2,1302, Dallas,TX,75217,32.74519,-96.671462
178,10548 Wyatt St,499999,4,3,2522, Dallas,TX,75218,32.848586,-96.695104
179,3408 Hammerly Dr,384900,3,3,2000, Dallas,TX,75212,32.784418,-96.898355
180,10525 Channel Dr,299000,4,2,2151, Dallas,TX,75229,32.890625,-96.879984
181,8648 Forest Hills Blvd,650000,3,3,1712, Dallas,TX,75218,32.822055,-96.710583
182,6015 Sunny Crest Ln,180000,4,3,1578, Dallas,TX,75241,32.674341,-96.803904
183,3531 Burlingdell Ave,319000,4,2,1720, Dallas,TX,75211,32.737141,-96.878591
184,10211 Carry Back Cir,485000,3,3,2042, Dallas,TX,75229,32.885233,-96.873914
185,3722 Ingersoll St,299900,4,2,1608, Dallas,TX,75212,32.788,-96.906497
186,11232 Lanewood Cir,435000,3,2,1653, Dallas,TX,75218,32.856489,-96.688222
187,9747 E Lake Highlands Dr,395000,3,2,1500, Dallas,TX,75218,32.846422,-96.704458
189,7616 Texridge Dr,209000,3,2,1478, Dallas,TX,75232,32.656177,-96.823803
190,1530 S Montreal Ave,327900,2,2,1122, Dallas,TX,75208,32.728055,-96.85412
191,6926 Vivian Ave,549900,2,2,1444, Dallas,TX,75223,32.804125,-96.737319
193,2427 Catherine St,329500,2,2,1322, Dallas,TX,75211,32.738436,-96.857982
194,6882 Avalon Ave,829500,3,2,1804, Dallas,TX,75214,32.818009,-96.740335
196,10619 Lakemere Dr,499900,3,2,1647, Dallas,TX,75238,32.875235,-96.702538
197,818 Cordova St,650000,3,2,1814, Dallas,TX,75223,32.803074,-96.742275
198,11727 Welch Rd,699000,3,3,2491, Dallas,TX,75229,32.908929,-96.829962
201,2827 Curvilinear Ct,245000,4,2,2200, Dallas,TX,75227,32.762436,-96.66757
202,132 W Woodin Blvd,275000,4,2,1800, Dallas,TX,75224,32.722084,-96.824316
203,7311 Hardwood Trl,209900,3,2,1902, Dallas,TX,75249,32.637059,-96.950159
204,3609 Patience Blvd,324990,4,2,2067, Dallas,TX,75236,32.699369,-96.94662
205,2812 Alden Ave,375000,3,1,1757, Dallas,TX,75211,32.741981,-96.866104
206,1728 W Red Bird Ln,395000,4,3,2582, Dallas,TX,75232,32.67165,-96.848417
207,1337 Kingsley Dr,181900,3,2,1262, Dallas,TX,75216,32.684858,-96.802634
208,13536 Vida Ln,210000,3,2,1441, Dallas,TX,75253,32.679365,-96.598872
209,1402 Seevers Ave,389000,3,2,2101, Dallas,TX,75216,32.730506,-96.821353
210,7036 Winchester St,475000,3,2,2089, Dallas,TX,75231,32.862398,-96.74073
211,12618 Trenton Dr,375000,4,3,2463, Dallas,TX,75243,32.920901,-96.718028
212,1415 Reynoldston Ln,187434,3,2,1602, Dallas,TX,75232,32.67694,-96.845093
214,2720 E Atoll Dr,225000,5,2,2500, Dallas,TX,75216,32.714198,-96.799077
215,9835 Whistler Dr,275000,4,3,2482, Dallas,TX,75217,32.686745,-96.651386
216,1627 Wilbur St,325000,3,2,1820, Dallas,TX,75224,32.722586,-96.847349
217,1920 Oak Hill Cir,178374,4,2,1302, Dallas,TX,75217,32.74519,-96.671462
218,10548 Wyatt St,499999,4,3,2522, Dallas,TX,75218,32.848586,-96.695104
219,3408 Hammerly Dr,384900,3,3,2000, Dallas,TX,75212,32.784418,-96.898355
220,10525 Channel Dr,299000,4,2,2151, Dallas,TX,75229,32.890625,-96.879984
221,8648 Forest Hills Blvd,650000,3,3,1712, Dallas,TX,75218,32.822055,-96.710583
222,6015 Sunny Crest Ln,180000,4,3,1578, Dallas,TX,75241,32.674341,-96.803904
223,3531 Burlingdell Ave,319000,4,2,1720, Dallas,TX,75211,32.737141,-96.878591
224,10211 Carry Back Cir,485000,3,3,2042, Dallas,TX,75229,32.885233,-96.873914
225,3722 Ingersoll St,299900,4,2,1608, Dallas,TX,75212,32.788,-96.906497
226,11232 Lanewood Cir,435000,3,2,1653, Dallas,TX,75218,32.856489,-96.688222
227,9747 E Lake Highlands Dr,395000,3,2,1500, Dallas,TX,75218,32.846422,-96.704458
229,7616 Texridge Dr,209000,3,2,1478, Dallas,TX,75232,32.656177,-96.823803
230,1530 S Montreal Ave,327900,2,2,1122, Dallas,TX,75208,32.728055,-96.85412
231,6926 Vivian Ave,549900,2,2,1444, Dallas,TX,75223,32.804125,-96.737319
233,2427 Catherine St,329500,2,2,1322, Dallas,TX,75211,32.738436,-96.857982
234,6882 Avalon Ave,829500,3,2,1804, Dallas,TX,75214,32.818009,-96.740335
236,10619 Lakemere Dr,499900,3,2,1647, Dallas,TX,75238,32.875235,-96.702538
237,818 Cordova St,650000,3,2,1814, Dallas,TX,75223,32.803074,-96.742275
238,11727 Welch Rd,699000,3,3,2491, Dallas,TX,75229,32.908929,-96.829962
241,2827 Curvilinear Ct,245000,4,2,2200, Dallas,TX,75227,32.762436,-96.66757
242,132 W Woodin Blvd,275000,4,2,1800, Dallas,TX,75224,32.722084,-96.824316
243,7311 Hardwood Trl,209900,3,2,1902, Dallas,TX,75249,32.637059,-96.950159
244,3609 Patience Blvd,324990,4,2,2067, Dallas,TX,75236,32.699369,-96.94662
245,2812 Alden Ave,375000,3,1,1757, Dallas,TX,75211,32.741981,-96.866104
246,1728 W Red Bird Ln,395000,4,3,2582, Dallas,TX,75232,32.67165,-96.848417
247,1337 Kingsley Dr,181900,3,2,1262, Dallas,TX,75216,32.684858,-96.802634
248,13536 Vida Ln,210000,3,2,1441, Dallas,TX,75253,32.679365,-96.598872
249,1402 Seevers Ave,389000,3,2,2101, Dallas,TX,75216,32.730506,-96.821353
250,7036 Winchester St,475000,3,2,2089, Dallas,TX,75231,32.862398,-96.74073
251,12618 Trenton Dr,375000,4,3,2463, Dallas,TX,75243,32.920901,-96.718028
252,1415 Reynoldston Ln,187434,3,2,1602, Dallas,TX,75232,32.67694,-96.845093
254,2720 E Atoll Dr,225000,5,2,2500, Dallas,TX,75216,32.714198,-96.799077
255,9835 Whistler Dr,275000,4,3,2482, Dallas,TX,75217,32.686745,-96.651386
256,1627 Wilbur St,325000,3,2,1820, Dallas,TX,75224,32.722586,-96.847349
257,1920 Oak Hill Cir,178374,4,2,1302, Dallas,TX,75217,32.74519,-96.671462
258,10548 Wyatt St,499999,4,3,2522, Dallas,TX,75218,32.848586,-96.695104
259,3408 Hammerly Dr,384900,3,3,2000, Dallas,TX,75212,32.784418,-96.898355
260,10525 Channel Dr,299000,4,2,2151, Dallas,TX,75229,32.890625,-96.879984
261,8648 Forest Hills Blvd,650000,3,3,1712, Dallas,TX,75218,32.822055,-96.710583
262,6015 Sunny Crest Ln,180000,4,3,1578, Dallas,TX,75241,32.674341,-96.803904
263,3531 Burlingdell Ave,319000,4,2,1720, Dallas,TX,75211,32.737141,-96.878591
264,10211 Carry Back Cir,485000,3,3,2042, Dallas,TX,75229,32.885233,-96.873914
265,3722 Ingersoll St,299900,4,2,1608, Dallas,TX,75212,32.788,-96.906497
266,11232 Lanewood Cir,435000,3,2,1653, Dallas,TX,75218,32.856489,-96.688222
267,9747 E Lake Highlands Dr,395000,3,2,1500, Dallas,TX,75218,32.846422,-96.704458
269,7616 Texridge Dr,209000,3,2,1478, Dallas,TX,75232,,
270,1530 S Montreal Ave,327900,2,2,1122, Dallas,TX,75208,32.728055,-96.85412
271,6926 Vivian Ave,549900,2,2,1444, Dallas,TX,75223,32.804125,-96.737319
273,2427 Catherine St,329500,2,2,1322, Dallas,TX,75211,32.738436,-96.857982
274,6882 Avalon Ave,829500,3,2,1804, Dallas,TX,75214,32.818009,-96.740335
276,10619 Lakemere Dr,499900,3,2,1647, Dallas,TX,75238,32.875235,-96.702538
277,818 Cordova St,650000,3,2,1814, Dallas,TX,75223,32.803074,-96.742275
278,11727 Welch Rd,699000,3,3,2491, Dallas,TX,75229,32.908929,-96.829962
281,2827 Curvilinear Ct,245000,4,2,2200, Dallas,TX,75227,32.762436,-96.66757
282,132 W Woodin Blvd,275000,4,2,1800, Dallas,TX,75224,32.722084,-96.824316
283,7311 Hardwood Trl,209900,3,2,1902, Dallas,TX,75249,32.637059,-96.950159
284,3609 Patience Blvd,324990,4,2,2067, Dallas,TX,75236,32.699369,-96.94662
285,2812 Alden Ave,375000,3,1,1757, Dallas,TX,75211,32.741981,-96.866104
286,1728 W Red Bird Ln,395000,4,3,2582, Dallas,TX,75232,32.67165,-96.848417
287,1337 Kingsley Dr,181900,3,2,1262, Dallas,TX,75216,32.684858,-96.802634
288,13536 Vida Ln,210000,3,2,1441, Dallas,TX,75253,32.679365,-96.598872
289,1402 Seevers Ave,389000,3,2,2101, Dallas,TX,75216,32.730506,-96.821353
290,7036 Winchester St,475000,3,2,2089, Dallas,TX,75231,32.862398,-96.74073
291,12618 Trenton Dr,375000,4,3,2463, Dallas,TX,75243,32.920901,-96.718028
292,1415 Reynoldston Ln,187434,3,2,1602, Dallas,TX,75232,32.67694,-96.845093
294,2720 E Atoll Dr,225000,5,2,2500, Dallas,TX,75216,32.714198,-96.799077
295,9835 Whistler Dr,275000,4,3,2482, Dallas,TX,75217,32.686745,-96.651386
296,1627 Wilbur St,325000,3,2,1820, Dallas,TX,75224,32.722586,-96.847349
297,1920 Oak Hill Cir,178374,4,2,1302, Dallas,TX,75217,32.74519,-96.671462
298,10548 Wyatt St,499999,4,3,2522, Dallas,TX,75218,32.848586,-96.695104
299,3408 Hammerly Dr,384900,3,3,2000, Dallas,TX,75212,32.784418,-96.898355
300,10525 Channel Dr,299000,4,2,2151, Dallas,TX,75229,32.890625,-96.879984
301,8648 Forest Hills Blvd,650000,3,3,1712, Dallas,TX,75218,32.822055,-96.710583
302,6015 Sunny Crest Ln,180000,4,3,1578, Dallas,TX,75241,32.674341,-96.803904
303,3531 Burlingdell Ave,319000,4,2,1720, Dallas,TX,75211,32.737141,-96.878591
304,10211 Carry Back Cir,485000,3,3,2042, Dallas,TX,75229,32.885233,-96.873914
305,3722 Ingersoll St,299900,4,2,1608, Dallas,TX,75212,32.788,-96.906497
306,11232 Lanewood Cir,435000,3,2,1653, Dallas,TX,75218,32.856489,-96.688222
307,9747 E Lake Highlands Dr,395000,3,2,1500, Dallas,TX,75218,32.846422,-96.704458
309,7616 Texridge Dr,209000,3,2,1478, Dallas,TX,75232,32.656177,-96.823803
310,1530 S Montreal Ave,327900,2,2,1122, Dallas,TX,75208,32.728055,-96.85412
311,6926 Vivian Ave,549900,2,2,1444, Dallas,TX,75223,32.804125,-96.737319
313,2427 Catherine St,329500,2,2,1322, Dallas,TX,75211,32.738436,-96.857982
314,6882 Avalon Ave,829500,3,2,1804, Dallas,TX,75214,32.818009,-96.740335
316,10619 Lakemere Dr,499900,3,2,1647, Dallas,TX,75238,32.875235,-96.702538
317,818 Cordova St,650000,3,2,1814, Dallas,TX,75223,32.803074,-96.742275
318,11727 Welch Rd,699000,3,3,2491, Dallas,TX,75229,32.908929,-96.829962
321,2827 Curvilinear Ct,245000,4,2,2200, Dallas,TX,75227,32.762436,-96.66757
322,132 W Woodin Blvd,275000,4,2,1800, Dallas,TX,75224,32.722084,-96.824316
323,7311 Hardwood Trl,209900,3,2,1902, Dallas,TX,75249,32.637059,-96.950159
324,3609 Patience Blvd,324990,4,2,2067, Dallas,TX,75236,32.699369,-96.94662
325,2812 Alden Ave,375000,3,1,1757, Dallas,TX,75211,32.741981,-96.866104
326,1728 W Red Bird Ln,395000,4,3,2582, Dallas,TX,75232,32.67165,-96.848417
327,1337 Kingsley Dr,181900,3,2,1262, Dallas,TX,75216,32.684858,-96.802634
328,13536 Vida Ln,210000,3,2,1441, Dallas,TX,75253,32.679365,-96.598872
329,1402 Seevers Ave,389000,3,2,2101, Dallas,TX,75216,32.730506,-96.821353
330,7036 Winchester St,475000,3,2,2089, Dallas,TX,75231,32.862398,-96.74073
331,12618 Trenton Dr,375000,4,3,2463, Dallas,TX,75243,32.920901,-96.718028
332,1415 Reynoldston Ln,187434,3,2,1602, Dallas,TX,75232,32.67694,-96.845093
334,2720 E Atoll Dr,225000,5,2,2500, Dallas,TX,75216,32.714198,-96.799077
335,9835 Whistler Dr,275000,4,3,2482, Dallas,TX,75217,32.686745,-96.651386
336,1627 Wilbur St,325000,3,2,1820, Dallas,TX,75224,32.722586,-96.847349
337,1920 Oak Hill Cir,178374,4,2,1302, Dallas,TX,75217,32.74519,-96.671462
338,10548 Wyatt St,499999,4,3,2522, Dallas,TX,75218,32.848586,-96.695104
339,3408 Hammerly Dr,384900,3,3,2000, Dallas,TX,75212,32.784418,-96.898355
340,10525 Channel Dr,299000,4,2,2151, Dallas,TX,75229,32.890625,-96.879984
341,8648 Forest Hills Blvd,650000,3,3,1712, Dallas,TX,75218,32.822055,-96.710583
342,6015 Sunny Crest Ln,180000,4,3,1578, Dallas,TX,75241,32.674341,-96.803904
343,3531 Burlingdell Ave,319000,4,2,1720, Dallas,TX,75211,32.737141,-96.878591
344,10211 Carry Back Cir,485000,3,3,2042, Dallas,TX,75229,32.885233,-96.873914
345,3722 Ingersoll St,299900,4,2,1608, Dallas,TX,75212,32.788,-96.906497
346,11232 Lanewood Cir,435000,3,2,1653, Dallas,TX,75218,32.856489,-96.688222
347,9747 E Lake Highlands Dr,395000,3,2,1500, Dallas,TX,75218,32.846422,-96.704458
349,7616 Texridge Dr,209000,3,2,1478, Dallas,TX,75232,32.656177,-96.823803
350,1530 S Montreal Ave,327900,2,2,1122, Dallas,TX,75208,32.728055,-96.85412
351,6926 Vivian Ave,549900,2,2,1444, Dallas,TX,75223,32.804125,-96.737319
353,2427 Catherine St,329500,2,2,1322, Dallas,TX,75211,32.738436,-96.857982
354,6882 Avalon Ave,829500,3,2,1804, Dallas,TX,75214,32.818009,-96.740335
356,10619 Lakemere Dr,499900,3,2,1647, Dallas,TX,75238,32.875235,-96.702538
357,818 Cordova St,650000,3,2,1814, Dallas,TX,75223,32.803074,-96.742275
358,11727 Welch Rd,699000,3,3,2491, Dallas,TX,75229,32.908929,-96.829962
361,2827 Curvilinear Ct,245000,4,2,2200, Dallas,TX,75227,32.762436,-96.66757
362,132 W Woodin Blvd,275000,4,2,1800, Dallas,TX,75224,32.722084,-96.824316
363,7311 Hardwood Trl,209900,3,2,1902, Dallas,TX,75249,32.637059,-96.950159
364,3609 Patience Blvd,324990,4,2,2067, Dallas,TX,75236,32.699369,-96.94662
365,2812 Alden Ave,375000,3,1,1757, Dallas,TX,75211,32.741981,-96.866104
366,1728 W Red Bird Ln,395000,4,3,2582, Dallas,TX,75232,32.67165,-96.848417
367,1337 Kingsley Dr,181900,3,2,1262, Dallas,TX,75216,32.684858,-96.802634
368,13536 Vida Ln,210000,3,2,1441, Dallas,TX,75253,32.679365,-96.598872
369,1402 Seevers Ave,389000,3,2,2101, Dallas,TX,75216,32.730506,-96.821353
370,7036 Winchester St,475000,3,2,2089, Dallas,TX,75231,32.862398,-96.74073
371,12618 Trenton Dr,375000,4,3,2463, Dallas,TX,75243,32.920901,-96.718028
372,1415 Reynoldston Ln,187434,3,2,1602, Dallas,TX,75232,32.67694,-96.845093
374,2720 E Atoll Dr,225000,5,2,2500, Dallas,TX,75216,32.714198,-96.799077
375,9835 Whistler Dr,275000,4,3,2482, Dallas,TX,75217,32.686745,-96.651386
376,1627 Wilbur St,325000,3,2,1820, Dallas,TX,75224,32.722586,-96.847349
377,1920 Oak Hill Cir,178374,4,2,1302, Dallas,TX,75217,32.74519,-96.671462
378,10548 Wyatt St,499999,4,3,2522, Dallas,TX,75218,32.848586,-96.695104
379,3408 Hammerly Dr,384900,3,3,2000, Dallas,TX,75212,32.784418,-96.898355
380,10525 Channel Dr,299000,4,2,2151, Dallas,TX,75229,32.890625,-96.879984
381,8648 Forest Hills Blvd,650000,3,3,1712, Dallas,TX,75218,32.822055,-96.710583
382,6015 Sunny Crest Ln,180000,4,3,1578, Dallas,TX,75241,32.674341,-96.803904
383,3531 Burlingdell Ave,319000,4,2,1720, Dallas,TX,75211,32.737141,-96.878591
384,10211 Carry Back Cir,485000,3,3,2042, Dallas,TX,75229,32.885233,-96.873914
385,3722 Ingersoll St,299900,4,2,1608, Dallas,TX,75212,32.788,-96.906497
386,11232 Lanewood Cir,435000,3,2,1653, Dallas,TX,75218,32.856489,-96.688222
387,9747 E Lake Highlands Dr,395000,3,2,1500, Dallas,TX,75218,32.846422,-96.704458
389,7616 Texridge Dr,209000,3,2,1478, Dallas,TX,75232,32.656177,-96.823803
390,1530 S Montreal Ave,327900,2,2,1122, Dallas,TX,75208,32.728055,-96.85412
391,6926 Vivian Ave,549900,2,2,1444, Dallas,TX,75223,32.804125,-96.737319
393,2427 Catherine St,329500,2,2,1322, Dallas,TX,75211,32.738436,-96.857982
394,6882 Avalon Ave,829500,3,2,1804, Dallas,TX,75214,32.818009,-96.740335
396,10619 Lakemere Dr,499900,3,2,1647, Dallas,TX,75238,32.875235,-96.702538
397,818 Cordova St,650000,3,2,1814, Dallas,TX,75223,32.803074,-96.742275
398,11727 Welch Rd,699000,3,3,2491, Dallas,TX,75229,32.908929,-96.829962
401,2827 Curvilinear Ct,245000,4,2,2200, Dallas,TX,75227,32.762436,-96.66757
402,132 W Woodin Blvd,275000,4,2,1800, Dallas,TX,75224,32.722084,-96.824316
403,7311 Hardwood Trl,209900,3,2,1902, Dallas,TX,75249,32.637059,-96.950159
404,3609 Patience Blvd,324990,4,2,2067, Dallas,TX,75236,32.699369,-96.94662
405,2812 Alden Ave,375000,3,1,1757, Dallas,TX,75211,32.741981,-96.866104
406,1728 W Red Bird Ln,395000,4,3,2582, Dallas,TX,75232,32.67165,-96.848417
407,1337 Kingsley Dr,181900,3,2,1262, Dallas,TX,75216,32.684858,-96.802634
408,13536 Vida Ln,210000,3,2,1441, Dallas,TX,75253,32.679365,-96.598872
409,1402 Seevers Ave,389000,3,2,2101, Dallas,TX,75216,32.730506,-96.821353
410,7036 Winchester St,475000,3,2,2089, Dallas,TX,75231,32.862398,-96.74073
411,12618 Trenton Dr,375000,4,3,2463, Dallas,TX,75243,32.920901,-96.718028
412,1415 Reynoldston Ln,187434,3,2,1602, Dallas,TX,75232,32.67694,-96.845093
414,2720 E Atoll Dr,225000,5,2,2500, Dallas,TX,75216,32.714198,-96.799077
415,9835 Whistler Dr,275000,4,3,2482, Dallas,TX,75217,32.686745,-96.651386
416,1627 Wilbur St,325000,3,2,1820, Dallas,TX,75224,32.722586,-96.847349
417,1920 Oak Hill Cir,178374,4,2,1302, Dallas,TX,75217,32.74519,-96.671462
418,10548 Wyatt St,499999,4,3,2522, Dallas,TX,75218,32.848586,-96.695104
419,3408 Hammerly Dr,384900,3,3,2000, Dallas,TX,75212,32.784418,-96.898355
420,10525 Channel Dr,299000,4,2,2151, Dallas,TX,75229,32.890625,-96.879984
421,8648 Forest Hills Blvd,650000,3,3,1712, Dallas,TX,75218,32.822055,-96.710583
422,6015 Sunny Crest Ln,180000,4,3,1578, Dallas,TX,75241,32.674341,-96.803904
423,3531 Burlingdell Ave,319000,4,2,1720, Dallas,TX,75211,32.737141,-96.878591
424,10211 Carry Back Cir,485000,3,3,2042, Dallas,TX,75229,32.885233,-96.873914
425,3722 Ingersoll St,299900,4,2,1608, Dallas,TX,75212,32.788,-96.906497
426,11232 Lanewood Cir,435000,3,2,1653, Dallas,TX,75218,32.856489,-96.688222
427,9747 E Lake Highlands Dr,395000,3,2,1500, Dallas,TX,75218,32.846422,-96.704458
429,7616 Texridge Dr,209000,3,2,1478, Dallas,TX,75232,32.656177,-96.823803
430,1530 S Montreal Ave,327900,2,2,1122, Dallas,TX,75208,32.728055,-96.85412
431,6926 Vivian Ave,549900,2,2,1444, Dallas,TX,75223,32.804125,-96.737319
433,2427 Catherine St,329500,2,2,1322, Dallas,TX,75211,32.738436,-96.857982
434,6882 Avalon Ave,829500,3,2,1804, Dallas,TX,75214,32.818009,-96.740335
436,10619 Lakemere Dr,499900,3,2,1647, Dallas,TX,75238,32.875235,-96.702538
437,818 Cordova St,650000,3,2,1814, Dallas,TX,75223,32.803074,-96.742275
438,11727 Welch Rd,699000,3,3,2491, Dallas,TX,75229,32.908929,-96.829962
441,2827 Curvilinear Ct,245000,4,2,2200, Dallas,TX,75227,32.762436,-96.66757
442,132 W Woodin Blvd,275000,4,2,1800, Dallas,TX,75224,32.722084,-96.824316
443,7311 Hardwood Trl,209900,3,2,1902, Dallas,TX,75249,32.637059,-96.950159
444,3609 Patience Blvd,324990,4,2,2067, Dallas,TX,75236,32.699369,-96.94662
445,2812 Alden Ave,375000,3,1,1757, Dallas,TX,75211,32.741981,-96.866104
446,1728 W Red Bird Ln,395000,4,3,2582, Dallas,TX,75232,32.67165,-96.848417
447,1337 Kingsley Dr,181900,3,2,1262, Dallas,TX,75216,32.684858,-96.802634
448,13536 Vida Ln,210000,3,2,1441, Dallas,TX,75253,32.679365,-96.598872
449,1402 Seevers Ave,389000,3,2,2101, Dallas,TX,75216,32.730506,-96.821353
450,7036 Winchester St,475000,3,2,2089, Dallas,TX,75231,32.862398,-96.74073
451,12618 Trenton Dr,375000,4,3,2463, Dallas,TX,75243,32.920901,-96.718028
452,1415 Reynoldston Ln,187434,3,2,1602, Dallas,TX,75232,32.67694,-96.845093
454,2720 E Atoll Dr,225000,5,2,2500, Dallas,TX,75216,32.714198,-96.799077
455,9835 Whistler Dr,275000,4,3,2482, Dallas,TX,75217,32.686745,-96.651386
456,1627 Wilbur St,325000,3,2,1820, Dallas,TX,75224,32.722586,-96.847349
457,1920 Oak Hill Cir,178374,4,2,1302, Dallas,TX,75217,32.74519,-96.671462
458,10548 Wyatt St,499999,4,3,2522, Dallas,TX,75218,32.848586,-96.695104
459,3408 Hammerly Dr,384900,3,3,2000, Dallas,TX,75212,32.784418,-96.898355
460,10525 Channel Dr,299000,4,2,2151, Dallas,TX,75229,32.890625,-96.879984
461,8648 Forest Hills Blvd,650000,3,3,1712, Dallas,TX,75218,32.822055,-96.710583
462,6015 Sunny Crest Ln,180000,4,3,1578, Dallas,TX,75241,32.674341,-96.803904
463,3531 Burlingdell Ave,319000,4,2,1720, Dallas,TX,75211,32.737141,-96.878591
464,10211 Carry Back Cir,485000,3,3,2042, Dallas,TX,75229,32.885233,-96.873914
465,3722 Ingersoll St,299900,4,2,1608, Dallas,TX,75212,32.788,-96.906497
466,11232 Lanewood Cir,435000,3,2,1653, Dallas,TX,75218,32.856489,-96.688222
467,9747 E Lake Highlands Dr,395000,3,2,1500, Dallas,TX,75218,,
469,7616 Texridge Dr,209000,3,2,1478, Dallas,TX,75232,32.656177,-96.823803
470,1530 S Montreal Ave,327900,2,2,1122, Dallas,TX,75208,32.728055,-96.85412
471,6926 Vivian Ave,549900,2,2,1444, Dallas,TX,75223,32.804125,-96.737319
473,2427 Catherine St,329500,2,2,1322, Dallas,TX,75211,32.738436,-96.857982
474,6882 Avalon Ave,829500,3,2,1804, Dallas,TX,75214,32.818009,-96.740335
476,10619 Lakemere Dr,499900,3,2,1647, Dallas,TX,75238,32.875235,-96.702538
477,818 Cordova St,650000,3,2,1814, Dallas,TX,75223,32.803074,-96.742275
478,11727 Welch Rd,699000,3,3,2491, Dallas,TX,75229,32.908929,-96.829962
481,2827 Curvilinear Ct,245000,4,2,2200, Dallas,TX,75227,32.762436,-96.66757
482,132 W Woodin Blvd,275000,4,2,1800, Dallas,TX,75224,32.722084,-96.824316
483,7311 Hardwood Trl,209900,3,2,1902, Dallas,TX,75249,32.637059,-96.950159
484,3609 Patience Blvd,324990,4,2,2067, Dallas,TX,75236,32.699369,-96.94662
485,2812 Alden Ave,375000,3,1,1757, Dallas,TX,75211,32.741981,-96.866104
486,1728 W Red Bird Ln,395000,4,3,2582, Dallas,TX,75232,32.67165,-96.848417
487,1337 Kingsley Dr,181900,3,2,1262, Dallas,TX,75216,32.684858,-96.802634
488,13536 Vida Ln,210000,3,2,1441, Dallas,TX,75253,32.679365,-96.598872
489,1402 Seevers Ave,389000,3,2,2101, Dallas,TX,75216,32.730506,-96.821353
490,7036 Winchester St,475000,3,2,2089, Dallas,TX,75231,32.862398,-96.74073
491,12618 Trenton Dr,375000,4,3,2463, Dallas,TX,75243,32.920901,-96.718028
492,1415 Reynoldston Ln,187434,3,2,1602, Dallas,TX,75232,32.67694,-96.845093
494,2720 E Atoll Dr,225000,5,2,2500, Dallas,TX,75216,32.714198,-96.799077
495,9835 Whistler Dr,275000,4,3,2482, Dallas,TX,75217,32.686745,-96.651386
496,1627 Wilbur St,325000,3,2,1820, Dallas,TX,75224,32.722586,-96.847349
497,1920 Oak Hill Cir,178374,4,2,1302, Dallas,TX,75217,32.74519,-96.671462
498,10548 Wyatt St,499999,4,3,2522, Dallas,TX,75218,32.848586,-96.695104
499,3408 Hammerly Dr,384900,3,3,2000, Dallas,TX,75212,32.784418,-96.898355
500,10525 Channel Dr,299000,4,2,2151, Dallas,TX,75229,32.890625,-96.879984
501,8648 Forest Hills Blvd,650000,3,3,1712, Dallas,TX,75218,32.822055,-96.710583
502,6015 Sunny Crest Ln,180000,4,3,1578, Dallas,TX,75241,32.674341,-96.803904
503,3531 Burlingdell Ave,319000,4,2,1720, Dallas,TX,75211,32.737141,-96.878591
504,10211 Carry Back Cir,485000,3,3,2042, Dallas,TX,75229,32.885233,-96.873914
505,3722 Ingersoll St,299900,4,2,1608, Dallas,TX,75212,32.788,-96.906497
506,11232 Lanewood Cir,435000,3,2,1653, Dallas,TX,75218,32.856489,-96.688222
507,9747 E Lake Highlands Dr,395000,3,2,1500, Dallas,TX,75218,32.846422,-96.704458
509,7616 Texridge Dr,209000,3,2,1478, Dallas,TX,75232,32.656177,-96.823803
510,1530 S Montreal Ave,327900,2,2,1122, Dallas,TX,75208,32.728055,-96.85412
511,6926 Vivian Ave,549900,2,2,1444, Dallas,TX,75223,32.804125,-96.737319
513,2427 Catherine St,329500,2,2,1322, Dallas,TX,75211,32.738436,-96.857982
514,6882 Avalon Ave,829500,3,2,1804, Dallas,TX,75214,32.818009,-96.740335
516,10619 Lakemere Dr,499900,3,2,1647, Dallas,TX,75238,32.875235,-96.702538
517,818 Cordova St,650000,3,2,1814, Dallas,TX,75223,32.803074,-96.742275
518,11727 Welch Rd,699000,3,3,2491, Dallas,TX,75229,32.908929,-96.829962
521,2827 Curvilinear Ct,245000,4,2,2200, Dallas,TX,75227,32.762436,-96.66757
522,132 W Woodin Blvd,275000,4,2,1800, Dallas,TX,75224,32.722084,-96.824316
523,7311 Hardwood Trl,209900,3,2,1902, Dallas,TX,75249,32.637059,-96.950159
524,3609 Patience Blvd,324990,4,2,2067, Dallas,TX,75236,32.699369,-96.94662
525,2812 Alden Ave,375000,3,1,1757, Dallas,TX,75211,32.741981,-96.866104
526,1728 W Red Bird Ln,395000,4,3,2582, Dallas,TX,75232,32.67165,-96.848417
527,1337 Kingsley Dr,181900,3,2,1262, Dallas,TX,75216,32.684858,-96.802634
528,13536 Vida Ln,210000,3,2,1441, Dallas,TX,75253,32.679365,-96.598872
529,1402 Seevers Ave,389000,3,2,2101, Dallas,TX,75216,32.730506,-96.821353
530,7036 Winchester St,475000,3,2,2089, Dallas,TX,75231,32.862398,-96.74073
531,12618 Trenton Dr,375000,4,3,2463, Dallas,TX,75243,32.920901,-96.718028
532,1415 Reynoldston Ln,187434,3,2,1602, Dallas,TX,75232,32.67694,-96.845093
534,2720 E Atoll Dr,225000,5,2,2500, Dallas,TX,75216,32.714198,-96.799077
535,9835 Whistler Dr,275000,4,3,2482, Dallas,TX,75217,32.686745,-96.651386
536,1627 Wilbur St,325000,3,2,1820, Dallas,TX,75224,32.722586,-96.847349
537,1920 Oak Hill Cir,178374,4,2,1302, Dallas,TX,75217,32.74519,-96.671462
538,10548 Wyatt St,499999,4,3,2522, Dallas,TX,75218,32.848586,-96.695104
539,3408 Hammerly Dr,384900,3,3,2000, Dallas,TX,75212,32.784418,-96.898355
540,10525 Channel Dr,299000,4,2,2151, Dallas,TX,75229,32.890625,-96.879984
541,8648 Forest Hills Blvd,650000,3,3,1712, Dallas,TX,75218,32.822055,-96.710583
542,6015 Sunny Crest Ln,180000,4,3,1578, Dallas,TX,75241,32.674341,-96.803904
543,3531 Burlingdell Ave,319000,4,2,1720, Dallas,TX,75211,32.737141,-96.878591
544,10211 Carry Back Cir,485000,3,3,2042, Dallas,TX,75229,32.885233,-96.873914
545,3722 Ingersoll St,299900,4,2,1608, Dallas,TX,75212,32.788,-96.906497
546,11232 Lanewood Cir,435000,3,2,1653, Dallas,TX,75218,32.856489,-96.688222
547,9747 E Lake Highlands Dr,395000,3,2,1500, Dallas,TX,75218,32.846422,-96.704458
549,7616 Texridge Dr,209000,3,2,1478, Dallas,TX,75232,32.656177,-96.823803
550,1530 S Montreal Ave,327900,2,2,1122, Dallas,TX,75208,32.728055,-96.85412
551,6926 Vivian Ave,549900,2,2,1444, Dallas,TX,75223,32.804125,-96.737319
553,2427 Catherine St,329500,2,2,1322, Dallas,TX,75211,32.738436,-96.857982
554,6882 Avalon Ave,829500,3,2,1804, Dallas,TX,75214,32.818009,-96.740335
556,10619 Lakemere Dr,499900,3,2,1647, Dallas,TX,75238,32.875235,-96.702538
557,818 Cordova St,650000,3,2,1814, Dallas,TX,75223,32.803074,-96.742275
558,11727 Welch Rd,699000,3,3,2491, Dallas,TX,75229,32.908929,-96.829962
561,2827 Curvilinear Ct,245000,4,2,2200, Dallas,TX,75227,32.762436,-96.66757
562,132 W Woodin Blvd,275000,4,2,1800, Dallas,TX,75224,32.722084,-96.824316
563,7311 Hardwood Trl,209900,3,2,1902, Dallas,TX,75249,32.637059,-96.950159
564,3609 Patience Blvd,324990,4,2,2067, Dallas,TX,75236,32.699369,-96.94662
565,2812 Alden Ave,375000,3,1,1757, Dallas,TX,75211,32.741981,-96.866104
566,1728 W Red Bird Ln,395000,4,3,2582, Dallas,TX,75232,32.67165,-96.848417
567,1337 Kingsley Dr,181900,3,2,1262, Dallas,TX,75216,32.684858,-96.802634
568,13536 Vida Ln,210000,3,2,1441, Dallas,TX,75253,32.679365,-96.598872
569,1402 Seevers Ave,389000,3,2,2101, Dallas,TX,75216,32.730506,-96.821353
570,7036 Winchester St,475000,3,2,2089, Dallas,TX,75231,32.862398,-96.74073
571,12618 Trenton Dr,375000,4,3,2463, Dallas,TX,75243,32.920901,-96.718028
572,1415 Reynoldston Ln,187434,3,2,1602, Dallas,TX,75232,32.67694,-96.845093
574,2720 E Atoll Dr,225000,5,2,2500, Dallas,TX,75216,32.714198,-96.799077
575,9835 Whistler Dr,275000,4,3,2482, Dallas,TX,75217,32.686745,-96.651386
576,1627 Wilbur St,325000,3,2,1820, Dallas,TX,75224,32.722586,-96.847349
577,1920 Oak Hill Cir,178374,4,2,1302, Dallas,TX,75217,32.74519,-96.671462
578,10548 Wyatt St,499999,4,3,2522, Dallas,TX,75218,32.848586,-96.695104
579,3408 Hammerly Dr,384900,3,3,2000, Dallas,TX,75212,32.784418,-96.898355
580,10525 Channel Dr,299000,4,2,2151, Dallas,TX,75229,32.890625,-96.879984
581,8648 Forest Hills Blvd,650000,3,3,1712, Dallas,TX,75218,32.822055,-96.710583
582,6015 Sunny Crest Ln,180000,4,3,1578, Dallas,TX,75241,32.674341,-96.803904
583,3531 Burlingdell Ave,319000,4,2,1720, Dallas,TX,75211,32.737141,-96.878591
584,10211 Carry Back Cir,485000,3,3,2042, Dallas,TX,75229,32.885233,-96.873914
585,3722 Ingersoll St,299900,4,2,1608, Dallas,TX,75212,32.788,-96.906497
586,11232 Lanewood Cir,435000,3,2,1653, Dallas,TX,75218,32.856489,-96.688222
587,9747 E Lake Highlands Dr,395000,3,2,1500, Dallas,TX,75218,32.846422,-96.704458
589,7616 Texridge Dr,209000,3,2,1478, Dallas,TX,75232,32.656177,-96.823803
590,1530 S Montreal Ave,327900,2,2,1122, Dallas,TX,75208,32.728055,-96.85412
591,6926 Vivian Ave,549900,2,2,1444, Dallas,TX,75223,32.804125,-96.737319
593,2427 Catherine St,329500,2,2,1322, Dallas,TX,75211,32.738436,-96.857982
594,6882 Avalon Ave,829500,3,2,1804, Dallas,TX,75214,32.818009,-96.740335
596,10619 Lakemere Dr,499900,3,2,1647, Dallas,TX,75238,32.875235,-96.702538
597,818 Cordova St,650000,3,2,1814, Dallas,TX,75223,32.803074,-96.742275
598,11727 Welch Rd,699000,3,3,2491, Dallas,TX,75229,32.908929,-96.829962
601,2827 Curvilinear Ct,245000,4,2,2200, Dallas,TX,75227,32.762436,-96.66757
602,132 W Woodin Blvd,275000,4,2,1800, Dallas,TX,75224,32.722084,-96.824316
603,7311 Hardwood Trl,209900,3,2,1902, Dallas,TX,75249,32.637059,-96.950159
604,3609 Patience Blvd,324990,4,2,2067, Dallas,TX,75236,32.699369,-96.94662
605,2812 Alden Ave,375000,3,1,1757, Dallas,TX,75211,32.741981,-96.866104
606,1728 W Red Bird Ln,395000,4,3,2582, Dallas,TX,75232,32.67165,-96.848417
607,1337 Kingsley Dr,181900,3,2,1262, Dallas,TX,75216,32.684858,-96.802634
608,13536 Vida Ln,210000,3,2,1441, Dallas,TX,75253,32.679365,-96.598872
609,1402 Seevers Ave,389000,3,2,2101, Dallas,TX,75216,32.730506,-96.821353
610,7036 Winchester St,475000,3,2,2089, Dallas,TX,75231,32.862398,-96.74073
611,12618 Trenton Dr,375000,4,3,2463, Dallas,TX,75243,32.920901,-96.718028
612,1415 Reynoldston Ln,187434,3,2,1602, Dallas,TX,75232,32.67694,-96.845093
614,2720 E Atoll Dr,225000,5,2,2500, Dallas,TX,75216,32.714198,-96.799077
615,9835 Whistler Dr,275000,4,3,2482, Dallas,TX,75217,32.686745,-96.651386
616,1627 Wilbur St,325000,3,2,1820, Dallas,TX,75224,32.722586,-96.847349
617,1920 Oak Hill Cir,178374,4,2,1302, Dallas,TX,75217,32.74519,-96.671462
618,10548 Wyatt St,499999,4,3,2522, Dallas,TX,75218,32.848586,-96.695104
619,3408 Hammerly Dr,384900,3,3,2000, Dallas,TX,75212,32.784418,-96.898355
620,10525 Channel Dr,299000,4,2,2151, Dallas,TX,75229,32.890625,-96.879984
621,8648 Forest Hills Blvd,650000,3,3,1712, Dallas,TX,75218,32.822055,-96.710583
622,6015 Sunny Crest Ln,180000,4,3,1578, Dallas,TX,75241,32.674341,-96.803904
623,3531 Burlingdell Ave,319000,4,2,1720, Dallas,TX,75211,32.737141,-96.878591
624,10211 Carry Back Cir,485000,3,3,2042, Dallas,TX,75229,32.885233,-96.873914
625,3722 Ingersoll St,299900,4,2,1608, Dallas,TX,75212,32.788,-96.906497
626,11232 Lanewood Cir,435000,3,2,1653, Dallas,TX,75218,32.856489,-96.688222
627,9747 E Lake Highlands Dr,395000,3,2,1500, Dallas,TX,75218,32.846422,-96.704458
629,7616 Texridge Dr,209000,3,2,1478, Dallas,TX,75232,32.656177,-96.823803
630,1530 S Montreal Ave,327900,2,2,1122, Dallas,TX,75208,32.728055,-96.85412
631,6926 Vivian Ave,549900,2,2,1444, Dallas,TX,75223,32.804125,-96.737319
633,2427 Catherine St,329500,2,2,1322, Dallas,TX,75211,32.738436,-96.857982
634,6882 Avalon Ave,829500,3,2,1804, Dallas,TX,75214,32.818009,-96.740335
636,10619 Lakemere Dr,499900,3,2,1647, Dallas,TX,75238,32.875235,-96.702538
637,818 Cordova St,650000,3,2,1814, Dallas,TX,75223,32.803074,-96.742275
638,11727 Welch Rd,699000,3,3,2491, Dallas,TX,75229,32.908929,-96.829962
641,2827 Curvilinear Ct,245000,4,2,2200, Dallas,TX,75227,32.762436,-96.66757
642,132 W Woodin Blvd,275000,4,2,1800, Dallas,TX,75224,32.722084,-96.824316
643,7311 Hardwood Trl,209900,3,2,1902, Dallas,TX,75249,32.637059,-96.950159
644,3609 Patience Blvd,324990,4,2,2067, Dallas,TX,75236,32.699369,-96.94662
645,2812 Alden Ave,375000,3,1,1757, Dallas,TX,75211,32.741981,-96.866104
646,1728 W Red Bird Ln,395000,4,3,2582, Dallas,TX,75232,32.67165,-96.848417
647,1337 Kingsley Dr,181900,3,2,1262, Dallas,TX,75216,32.684858,-96.802634
648,13536 Vida Ln,210000,3,2,1441, Dallas,TX,75253,32.679365,-96.598872
649,1402 Seevers Ave,389000,3,2,2101, Dallas,TX,75216,32.730506,-96.821353
650,7036 Winchester St,475000,3,2,2089, Dallas,TX,75231,32.862398,-96.74073
651,12618 Trenton Dr,375000,4,3,2463, Dallas,TX,75243,32.920901,-96.718028
652,1415 Reynoldston Ln,187434,3,2,1602, Dallas,TX,75232,32.67694,-96.845093
654,2720 E Atoll Dr,225000,5,2,2500, Dallas,TX,75216,32.714198,-96.799077
655,9835 Whistler Dr,275000,4,3,2482, Dallas,TX,75217,32.686745,-96.651386
656,1627 Wilbur St,325000,3,2,1820, Dallas,TX,75224,32.722586,-96.847349
657,1920 Oak Hill Cir,178374,4,2,1302, Dallas,TX,75217,32.74519,-96.671462
658,10548 Wyatt St,499999,4,3,2522, Dallas,TX,75218,32.848586,-96.695104
659,3408 Hammerly Dr,384900,3,3,2000, Dallas,TX,75212,32.784418,-96.898355
660,10525 Channel Dr,299000,4,2,2151, Dallas,TX,75229,32.890625,-96.879984
661,8648 Forest Hills Blvd,650000,3,3,1712, Dallas,TX,75218,32.822055,-96.710583
662,6015 Sunny Crest Ln,180000,4,3,1578, Dallas,TX,75241,32.674341,-96.803904
663,3531 Burlingdell Ave,319000,4,2,1720, Dallas,TX,75211,32.737141,-96.878591
664,10211 Carry Back Cir,485000,3,3,2042, Dallas,TX,75229,32.885233,-96.873914
665,3722 Ingersoll St,299900,4,2,1608, Dallas,TX,75212,32.788,-96.906497
666,11232 Lanewood Cir,435000,3,2,1653, Dallas,TX,75218,32.856489,-96.688222
667,9747 E Lake Highlands Dr,395000,3,2,1500, Dallas,TX,75218,32.846422,-96.704458
669,7616 Texridge Dr,209000,3,2,1478, Dallas,TX,75232,32.656177,-96.823803
670,1530 S Montreal Ave,327900,2,2,1122, Dallas,TX,75208,32.728055,-96.85412
671,6926 Vivian Ave,549900,2,2,1444, Dallas,TX,75223,32.804125,-96.737319
673,2427 Catherine St,329500,2,2,1322, Dallas,TX,75211,32.738436,-96.857982
674,6882 Avalon Ave,829500,3,2,1804, Dallas,TX,75214,32.818009,-96.740335
676,10619 Lakemere Dr,499900,3,2,1647, Dallas,TX,75238,32.875235,-96.702538
677,818 Cordova St,650000,3,2,1814, Dallas,TX,75223,32.803074,-96.742275
678,11727 Welch Rd,699000,3,3,2491, Dallas,TX,75229,32.908929,-96.829962
681,2827 Curvilinear Ct,245000,4,2,2200, Dallas,TX,75227,32.762436,-96.66757
682,132 W Woodin Blvd,275000,4,2,1800, Dallas,TX,75224,32.722084,-96.824316
683,7311 Hardwood Trl,209900,3,2,1902, Dallas,TX,75249,32.637059,-96.950159
684,3609 Patience Blvd,324990,4,2,2067, Dallas,TX,75236,32.699369,-96.94662
685,2812 Alden Ave,375000,3,1,1757, Dallas,TX,75211,32.741981,-96.866104
686,1728 W Red Bird Ln,395000,4,3,2582, Dallas,TX,75232,32.67165,-96.848417
687,1337 Kingsley Dr,181900,3,2,1262, Dallas,TX,75216,32.684858,-96.802634
688,13536 Vida Ln,210000,3,2,1441, Dallas,TX,75253,32.679365,-96.598872
689,1402 Seevers Ave,389000,3,2,2101, Dallas,TX,75216,32.730506,-96.821353
690,7036 Winchester St,475000,3,2,2089, Dallas,TX,75231,32.862398,-96.74073
691,12618 Trenton Dr,375000,4,3,2463, Dallas,TX,75243,32.920901,-96.718028
692,1415 Reynoldston Ln,187434,3,2,1602, Dallas,TX,75232,32.67694,-96.845093
694,2720 E Atoll Dr,225000,5,2,2500, Dallas,TX,75216,32.714198,-96.799077
695,9835 Whistler Dr,275000,4,3,2482, Dallas,TX,75217,32.686745,-96.651386
696,1627 Wilbur St,325000,3,2,1820, Dallas,TX,75224,32.722586,-96.847349
697,1920 Oak Hill Cir,178374,4,2,1302, Dallas,TX,75217,32.74519,-96.671462
698,10548 Wyatt St,499999,4,3,2522, Dallas,TX,75218,32.848586,-96.695104
699,3408 Hammerly Dr,384900,3,3,2000, Dallas,TX,75212,32.784418,-96.898355
700,10525 Channel Dr,299000,4,2,2151, Dallas,TX,75229,32.890625,-96.879984
701,8648 Forest Hills Blvd,650000,3,3,1712, Dallas,TX,75218,32.822055,-96.710583
702,6015 Sunny Crest Ln,180000,4,3,1578, Dallas,TX,75241,32.674341,-96.803904
703,3531 Burlingdell Ave,319000,4,2,1720, Dallas,TX,75211,32.737141,-96.878591
704,10211 Carry Back Cir,485000,3,3,2042, Dallas,TX,75229,32.885233,-96.873914
705,3722 Ingersoll St,299900,4,2,1608, Dallas,TX,75212,32.788,-96.906497
706,11232 Lanewood Cir,435000,3,2,1653, Dallas,TX,75218,32.856489,-96.688222
707,9747 E Lake Highlands Dr,395000,3,2,1500, Dallas,TX,75218,32.846422,-96.704458
709,7616 Texridge Dr,209000,3,2,1478, Dallas,TX,75232,32.656177,-96.823803
710,1530 S Montreal Ave,327900,2,2,1122, Dallas,TX,75208,32.728055,-96.85412
711,6926 Vivian Ave,549900,2,2,1444, Dallas,TX,75223,32.804125,-96.737319
713,2427 Catherine St,329500,2,2,1322, Dallas,TX,75211,32.738436,-96.857982
714,6882 Avalon Ave,829500,3,2,1804, Dallas,TX,75214,32.818009,-96.740335
716,10619 Lakemere Dr,499900,3,2,1647, Dallas,TX,75238,32.875235,-96.702538
717,818 Cordova St,650000,3,2,1814, Dallas,TX,75223,32.803074,-96.742275
718,11727 Welch Rd,699000,3,3,2491, Dallas,TX,75229,32.908929,-96.829962
721,2827 Curvilinear Ct,245000,4,2,2200, Dallas,TX,75227,32.762436,-96.66757
722,132 W Woodin Blvd,275000,4,2,1800, Dallas,TX,75224,32.722084,-96.824316
723,7311 Hardwood Trl,209900,3,2,1902, Dallas,TX,75249,32.637059,-96.950159
724,3609 Patience Blvd,324990,4,2,2067, Dallas,TX,75236,32.699369,-96.94662
725,2812 Alden Ave,375000,3,1,1757, Dallas,TX,75211,32.741981,-96.866104
726,1728 W Red Bird Ln,395000,4,3,2582, Dallas,TX,75232,32.67165,-96.848417
727,1337 Kingsley Dr,181900,3,2,1262, Dallas,TX,75216,32.684858,-96.802634
728,13536 Vida Ln,210000,3,2,1441, Dallas,TX,75253,32.679365,-96.598872
729,1402 Seevers Ave,389000,3,2,2101, Dallas,TX,75216,32.730506,-96.821353
730,7036 Winchester St,475000,3,2,2089, Dallas,TX,75231,32.862398,-96.74073
731,12618 Trenton Dr,375000,4,3,2463, Dallas,TX,75243,32.920901,-96.718028
732,1415 Reynoldston Ln,187434,3,2,1602, Dallas,TX,75232,32.67694,-96.845093
734,2720 E Atoll Dr,225000,5,2,2500, Dallas,TX,75216,32.714198,-96.799077
735,9835 Whistler Dr,275000,4,3,2482, Dallas,TX,75217,32.686745,-96.651386
736,1627 Wilbur St,325000,3,2,1820, Dallas,TX,75224,32.722586,-96.847349
737,1920 Oak Hill Cir,178374,4,2,1302, Dallas,TX,75217,32.74519,-96.671462
738,10548 Wyatt St,499999,4,3,2522, Dallas,TX,75218,32.848586,-96.695104
739,3408 Hammerly Dr,384900,3,3,2000, Dallas,TX,75212,32.784418,-96.898355
740,10525 Channel Dr,299000,4,2,2151, Dallas,TX,75229,32.890625,-96.879984
741,8648 Forest Hills Blvd,650000,3,3,1712, Dallas,TX,75218,32.822055,-96.710583
742,6015 Sunny Crest Ln,180000,4,3,1578, Dallas,TX,75241,32.674341,-96.803904
743,3531 Burlingdell Ave,319000,4,2,1720, Dallas,TX,75211,32.737141,-96.878591
744,10211 Carry Back Cir,485000,3,3,2042, Dallas,TX,75229,32.885233,-96.873914
745,3722 Ingersoll St,299900,4,2,1608, Dallas,TX,75212,32.788,-96.906497
746,11232 Lanewood Cir,435000,3,2,1653, Dallas,TX,75218,32.856489,-96.688222
747,9747 E Lake Highlands Dr,395000,3,2,1500, Dallas,TX,75218,32.846422,-96.704458
749,7616 Texridge Dr,209000,3,2,1478, Dallas,TX,75232,32.656177,-96.823803
750,1530 S Montreal Ave,327900,2,2,1122, Dallas,TX,75208,32.728055,-96.85412
751,6926 Vivian Ave,549900,2,2,1444, Dallas,TX,75223,32.804125,-96.737319
753,2427 Catherine St,329500,2,2,1322, Dallas,TX,75211,32.738436,-96.857982
754,6882 Avalon Ave,829500,3,2,1804, Dallas,TX,75214,32.818009,-96.740335
756,10619 Lakemere Dr,499900,3,2,1647, Dallas,TX,75238,32.875235,-96.702538
757,818 Cordova St,650000,3,2,1814, Dallas,TX,75223,32.803074,-96.742275
758,11727 Welch Rd,699000,3,3,2491, Dallas,TX,75229,32.908929,-96.829962
